{"AUC": 0.7383776164558778, "ndcg": 0.5982116913795841, "ndcg@5": 0.5317707720659295, "mrr": 0.47473480198448803, "mrr@5": 0.4491216361969645, "precision@1": 0.26589548616728687, "recall@5": 0.7835719678584909, "hit_ratio@5": 0.7842986571752144, "diversity@1": 0.2952192201909076, "diversity@2": 0.34011486814431324, "diversity@3": 0.3709486059429395, "diversity@4": 0.3924627891926873, "diversity@5": 0.41103381329881167, "intra_list_diversity@1": 1.0, "intra_list_diversity@2": 0.8499838213881249, "intra_list_diversity@3": 0.7694008520735415, "intra_list_diversity@4": 0.7093512376638085, "intra_list_diversity@5": 0.6568678207409566}