{"AUC": 0.7442180147280719, "ndcg": 0.6043325226115549, "ndcg@5": 0.5391597576871476, "mrr": 0.4825578318860248, "mrr@5": 0.457310036132252, "precision@1": 0.27515774146578226, "recall@5": 0.7884573308372046, "hit_ratio@5": 0.7891926872674324, "diversity@1": 0.2954214528393464, "diversity@2": 0.3343916841934962, "diversity@3": 0.36307501483038845, "diversity@4": 0.3853745348649086, "diversity@5": 0.40456236854876987, "intra_list_diversity@1": 1.0, "intra_list_diversity@2": 0.8588213881248988, "intra_list_diversity@3": 0.776627298711096, "intra_list_diversity@4": 0.7132947743083643, "intra_list_diversity@5": 0.6593997734994094}