{"AUC": 0.7401832444643541, "ndcg": 0.6005284258931299, "ndcg@5": 0.5347728688408611, "mrr": 0.4776608898312282, "mrr@5": 0.45224410828886014, "precision@1": 0.26973790648762336, "recall@5": 0.7861380112633953, "hit_ratio@5": 0.7868063420158551, "diversity@1": 0.311357385536321, "diversity@2": 0.3501658307717198, "diversity@3": 0.37565388556328305, "diversity@4": 0.39569851156770747, "diversity@5": 0.4119802620935044, "intra_list_diversity@1": 1.0, "intra_list_diversity@2": 0.8604999191069406, "intra_list_diversity@3": 0.7780833737798549, "intra_list_diversity@4": 0.7136992396052418, "intra_list_diversity@5": 0.6600954538100393}