{"AUC": 0.794049013923793, "ndcg": 0.6554486308527789, "ndcg@5": 0.6103297794237156, "mrr": 0.5469739645175573, "mrr@5": 0.5291740818638085, "precision@1": 0.33797120207086234, "recall@5": 0.8547565118912798, "hit_ratio@5": 0.8547565118912798, "diversity@1": 0.43516421291053226, "diversity@2": 0.44228280213557675, "diversity@3": 0.44357709108558935, "diversity@4": 0.44511405921371944, "diversity@5": 0.44809901310467215, "intra_list_diversity@1": 1.0, "intra_list_diversity@2": 0.9043035107587769, "intra_list_diversity@3": 0.8146470366176005, "intra_list_diversity@4": 0.7386345251577414, "intra_list_diversity@5": 0.6756350105160606}