{"AUC": 0.7350611710482556, "ndcg": 0.5946786799506497, "ndcg@5": 0.5285359951708649, "mrr": 0.46999445959562514, "mrr@5": 0.44438332524404195, "precision@1": 0.2591004691797444, "recall@5": 0.7840964245267756, "hit_ratio@5": 0.7840964245267756, "diversity@1": 0.49000970716712505, "diversity@2": 0.4733861834654587, "diversity@3": 0.46779108019198845, "diversity@4": 0.46453850509626277, "diversity@5": 0.462554602815075, "intra_list_diversity@1": 1.0, "intra_list_diversity@2": 0.9050315482931565, "intra_list_diversity@3": 0.82052526559889, "intra_list_diversity@4": 0.7451565280698916, "intra_list_diversity@5": 0.6798010030738888}