{"AUC": 0.5687495244381815, "ndcg": 0.4789225310740272, "ndcg@5": 0.3610901319173204, "mrr": 0.32562745423259193, "mrr@5": 0.28132448902548357, "precision@1": 0.12546513509140916, "recall@5": 0.6067788383756674, "hit_ratio@5": 0.6067788383756674, "diversity@1": 0.45825918136223914, "diversity@2": 0.4597152564309982, "diversity@3": 0.4597287386075603, "diversity@4": 0.46248584371460927, "diversity@5": 0.4636304805047727, "intra_list_diversity@1": 1.0, "intra_list_diversity@2": 0.894151431807151, "intra_list_diversity@3": 0.8106967588847619, "intra_list_diversity@4": 0.7421634848729979, "intra_list_diversity@5": 0.6837566736773459}