{"AUC": 0.7435923714944973, "ndcg": 0.6023982845571083, "ndcg@5": 0.5395926709634307, "mrr": 0.47968175675979613, "mrr@5": 0.4553065846950517, "precision@1": 0.26799870571105, "recall@5": 0.7953001132502832, "hit_ratio@5": 0.7953001132502832, "diversity@1": 0.4699482284419997, "diversity@2": 0.46456883999352855, "diversity@3": 0.4621824947419538, "diversity@4": 0.46045340559779974, "diversity@5": 0.4592379873806801, "intra_list_diversity@1": 1.0, "intra_list_diversity@2": 0.9017553793884485, "intra_list_diversity@3": 0.8164671304535502, "intra_list_diversity@4": 0.7436498948390228, "intra_list_diversity@5": 0.6797443779323294}