{"ndcg@5": 0.4357790207667931, "mrr": 0.40183365100803115, "mrr@5": 0.36513565759087013, "precision@1": 0.20973685818961024, "recall@5": 0.6525264089435241, "hit_ratio@5": 0.654180104192508}