{"ndcg@5": 0.4391365098285259, "mrr": 0.4050945213458804, "mrr@5": 0.36852449075222715, "precision@1": 0.21354790230783888, "recall@5": 0.6552336027943547, "hit_ratio@5": 0.6564703259880851}