{"AUC": 0.741321505424222, "ndcg": 0.6016054822134576, "ndcg@5": 0.5357908208142023, "mrr": 0.4790970799052207, "mrr@5": 0.45368535296340085, "precision@1": 0.2713153211454457, "recall@5": 0.7858633600665633, "hit_ratio@5": 0.7865636628377285, "diversity@1": 0.2724882705063906, "diversity@2": 0.3213881248988837, "diversity@3": 0.3557811573100283, "diversity@4": 0.3816332308687915, "diversity@5": 0.4022326484387545, "intra_list_diversity@1": 1.0, "intra_list_diversity@2": 0.8533408833522084, "intra_list_diversity@3": 0.770749069729804, "intra_list_diversity@4": 0.7091490050153697, "intra_list_diversity@5": 0.6561236045947042}