{"AUC": 0.7438172278036538, "ndcg": 0.6046326084812825, "ndcg@5": 0.5398200125076418, "mrr": 0.48299558887239286, "mrr@5": 0.45790662244514707, "precision@1": 0.27669470959391684, "recall@5": 0.7894469225968982, "hit_ratio@5": 0.7901229574502507, "diversity@1": 0.30144798576282156, "diversity@2": 0.33845656042711536, "diversity@3": 0.3663377015585348, "diversity@4": 0.3881350105160977, "diversity@5": 0.40684355282315876, "intra_list_diversity@1": 1.0, "intra_list_diversity@2": 0.8604594725772529, "intra_list_diversity@3": 0.7773957827751604, "intra_list_diversity@4": 0.7140127002103219, "intra_list_diversity@5": 0.6596667205953486}