{"batch_loss": 0.2492372989654541, "_timestamp": 1717856559.5022116, "_runtime": 2026.728928565979, "_step": 229, "batch_accuracy": 0.6234737038612366}