{"batch_loss": 0.6069114208221436, "_timestamp": 1717856718.9377775, "_runtime": 2186.1644945144653, "_step": 245, "batch_accuracy": 0.3299906551837921}