{"AUC": 0.7428236048719459, "ndcg": 0.6034168285490259, "ndcg@5": 0.5379204954606926, "mrr": 0.48136682121456653, "mrr@5": 0.45599350159091584, "precision@1": 0.27289273580326806, "recall@5": 0.7874245961125107, "hit_ratio@5": 0.7881006309658631, "diversity@1": 0.3073127325675457, "diversity@2": 0.34262255298495387, "diversity@3": 0.3691015477538629, "diversity@4": 0.38976298333602977, "diversity@5": 0.4077657337000372, "intra_list_diversity@1": 1.0, "intra_list_diversity@2": 0.866971363856981, "intra_list_diversity@3": 0.782492045515825, "intra_list_diversity@4": 0.7186943860216793, "intra_list_diversity@5": 0.6618103866687999}