{"AUC": 0.7411628923988786, "ndcg": 0.6012117449684338, "ndcg@5": 0.5355267883860279, "mrr": 0.47857480565153515, "mrr@5": 0.45318920886589836, "precision@1": 0.27119398155638247, "recall@5": 0.7863415921294904, "hit_ratio@5": 0.7870490211939816, "diversity@1": 0.2862400906002265, "diversity@2": 0.3336232001294289, "diversity@3": 0.3654343957288403, "diversity@4": 0.38880237825594566, "diversity@5": 0.4075068759100368, "intra_list_diversity@1": 1.0, "intra_list_diversity@2": 0.8541498139459635, "intra_list_diversity@3": 0.7748341692282696, "intra_list_diversity@4": 0.712354392493124, "intra_list_diversity@5": 0.658841611389717}