{"AUC": 0.7422197783371143, "ndcg": 0.6021796644866905, "ndcg@5": 0.5364826902376143, "mrr": 0.47978134566237834, "mrr@5": 0.45435541713856176, "precision@1": 0.27208380520951303, "recall@5": 0.7866358887835995, "hit_ratio@5": 0.7873725934314836, "diversity@1": 0.29570457854716065, "diversity@2": 0.33382543277786764, "diversity@3": 0.36261662082726004, "diversity@4": 0.3844240414172464, "diversity@5": 0.4026209351237539, "intra_list_diversity@1": 1.0, "intra_list_diversity@2": 0.8623604594725772, "intra_list_diversity@3": 0.7788248934907973, "intra_list_diversity@4": 0.7144677236693092, "intra_list_diversity@5": 0.6591166477915945}