{"AUC": 0.7442422911904311, "ndcg": 0.6053412391615924, "ndcg@5": 0.5406318893314646, "mrr": 0.4839276364697584, "mrr@5": 0.4589110445990589, "precision@1": 0.27762497977673517, "recall@5": 0.7896770826110737, "hit_ratio@5": 0.790406083158065, "diversity@1": 0.30059860863937876, "diversity@2": 0.34084290567869274, "diversity@3": 0.36778029445073046, "diversity@4": 0.38745753114382786, "diversity@5": 0.4055816210968982, "intra_list_diversity@1": 1.0, "intra_list_diversity@2": 0.8647468047241547, "intra_list_diversity@3": 0.7828156177533255, "intra_list_diversity@4": 0.7166821711697137, "intra_list_diversity@5": 0.6619398155637968}