{"AUC": 0.7437988717822768, "ndcg": 0.604330312766897, "ndcg@5": 0.5394903721303778, "mrr": 0.48253605065533295, "mrr@5": 0.4574549695303011, "precision@1": 0.2749555088173435, "recall@5": 0.7894209212563847, "hit_ratio@5": 0.7901634039799386, "diversity@1": 0.3008008412878175, "diversity@2": 0.33604999191069407, "diversity@3": 0.3635738553632027, "diversity@4": 0.38541498139459635, "diversity@5": 0.40388286685001235, "intra_list_diversity@1": 1.0, "intra_list_diversity@2": 0.862239119883514, "intra_list_diversity@3": 0.7781103381329807, "intra_list_diversity@4": 0.7145991748907944, "intra_list_diversity@5": 0.6596181847597234}