{"AUC": 0.7432882214703294, "ndcg": 0.6041889000426226, "ndcg@5": 0.5387721672892538, "mrr": 0.4824220948867022, "mrr@5": 0.4570801650218619, "precision@1": 0.27515774146578226, "recall@5": 0.7877019437446553, "hit_ratio@5": 0.7883837566736774, "diversity@1": 0.2978886911502993, "diversity@2": 0.3394879469341531, "diversity@3": 0.36563662837727884, "diversity@4": 0.3870025076848406, "diversity@5": 0.4060346222294047, "intra_list_diversity@1": 1.0, "intra_list_diversity@2": 0.8584978158873968, "intra_list_diversity@3": 0.7760880116485905, "intra_list_diversity@4": 0.7119802620935124, "intra_list_diversity@5": 0.658534217764091}