{"ndcg@5": 0.2628514398231815, "mrr": 0.255994657104725, "mrr@5": 0.2028143002839084, "precision@1": 0.08701404693336785, "recall@5": 0.4488127638818481, "hit_ratio@5": 0.4495486069914683}