{"AUC": 0.5583401262349472, "ndcg": 0.45491866925057556, "ndcg@5": 0.35154807647334546, "mrr": 0.29135401635401637, "mrr@5": 0.25069444444444444, "precision@1": 0.08333333333333333, "recall@5": 0.6666666666666666, "hit_ratio@5": 0.6666666666666666, "diversity@1": 0.3333333333333333, "diversity@2": 0.3333333333333333, "diversity@3": 0.375, "diversity@4": 0.40625, "diversity@5": 0.42500000000000004, "intra_list_diversity@1": 1.0, "intra_list_diversity@2": 0.7291666666666666, "intra_list_diversity@3": 0.736111111111111, "intra_list_diversity@4": 0.6979166666666666, "intra_list_diversity@5": 0.6583333333333333}