{"AUC": 0.5662152838226259, "ndcg": 0.4766299029916505, "ndcg@5": 0.35880176796834906, "mrr": 0.3225384108887177, "mrr@5": 0.2781656150568712, "precision@1": 0.12129914253357062, "recall@5": 0.608099128666189, "hit_ratio@5": 0.6087607183303673, "diversity@1": 0.5167448632907297, "diversity@2": 0.5033368386992396, "diversity@3": 0.4925039098312008, "diversity@4": 0.4831641320174729, "diversity@5": 0.4794369843067446, "intra_list_diversity@1": 1.0, "intra_list_diversity@2": 0.8892776249797767, "intra_list_diversity@3": 0.8010300382893834, "intra_list_diversity@4": 0.7317990616405112, "intra_list_diversity@5": 0.6743488108719873}