{"AUC": 0.742701618347225, "ndcg": 0.6029127349536408, "ndcg@5": 0.5373479659812612, "mrr": 0.4807490148005253, "mrr@5": 0.4553632098366145, "precision@1": 0.2734589872188966, "recall@5": 0.787157263811527, "hit_ratio@5": 0.7879792913767999, "diversity@1": 0.300558162109691, "diversity@2": 0.3425012133958906, "diversity@3": 0.37009922881949625, "diversity@4": 0.390379792913768, "diversity@5": 0.40787089467722626, "intra_list_diversity@1": 1.0, "intra_list_diversity@2": 0.8645041255460282, "intra_list_diversity@3": 0.7819932049830086, "intra_list_diversity@4": 0.7164192687267432, "intra_list_diversity@5": 0.6616405112441107}