{"AUC": 0.7428263494746781, "ndcg": 0.6034057052791358, "ndcg@5": 0.5371407027702457, "mrr": 0.4814103071278115, "mrr@5": 0.45574947419513284, "precision@1": 0.2738230059860864, "recall@5": 0.7848639455782311, "hit_ratio@5": 0.7855929461252225, "diversity@1": 0.2906892088658793, "diversity@2": 0.3320862320012943, "diversity@3": 0.36292671088819833, "diversity@4": 0.38471727875748263, "diversity@5": 0.4040203850509525, "intra_list_diversity@1": 1.0, "intra_list_diversity@2": 0.8564957126678531, "intra_list_diversity@3": 0.7742948821657661, "intra_list_diversity@4": 0.7109589872188966, "intra_list_diversity@5": 0.6566494094806434}