{"AUC": 0.7432626220903177, "ndcg": 0.6036916274173841, "ndcg@5": 0.5385984978115451, "mrr": 0.48169496345737184, "mrr@5": 0.45647683762068436, "precision@1": 0.2744701504610904, "recall@5": 0.788840224651582, "hit_ratio@5": 0.7896780456236855, "diversity@1": 0.2925901957612037, "diversity@2": 0.33667691312085424, "diversity@3": 0.3667286846788484, "diversity@4": 0.38787210807312733, "diversity@5": 0.4057353179097125, "intra_list_diversity@1": 1.0, "intra_list_diversity@2": 0.8650703769616567, "intra_list_diversity@3": 0.7836110661705157, "intra_list_diversity@4": 0.7184921533732406, "intra_list_diversity@5": 0.6619074583400476}