{"AUC": 0.7403667871489209, "ndcg": 0.6009097059440803, "ndcg@5": 0.5341960828622401, "mrr": 0.4782117517725881, "mrr@5": 0.45233309065417443, "precision@1": 0.2711535350266947, "recall@5": 0.7835913244119845, "hit_ratio@5": 0.7842986571752144, "diversity@1": 0.30488594078628056, "diversity@2": 0.3458178288302864, "diversity@3": 0.3741843283179614, "diversity@4": 0.39361551528878824, "diversity@5": 0.410677883837557, "intra_list_diversity@1": 1.0, "intra_list_diversity@2": 0.8624615757967966, "intra_list_diversity@3": 0.7808472199751876, "intra_list_diversity@4": 0.7170259666720595, "intra_list_diversity@5": 0.6607264196731668}