{"AUC": 0.7439355063712434, "ndcg": 0.6036406778212445, "ndcg@5": 0.5390039531785569, "mrr": 0.48158744665822134, "mrr@5": 0.45656716820365495, "precision@1": 0.2729331823329558, "recall@5": 0.7900906965277618, "hit_ratio@5": 0.7908509949846303, "diversity@1": 0.2905274227471283, "diversity@2": 0.3309739524348811, "diversity@3": 0.3618751011163163, "diversity@4": 0.384484711211778, "diversity@5": 0.40338941918782295, "intra_list_diversity@1": 1.0, "intra_list_diversity@2": 0.8581135738553632, "intra_list_diversity@3": 0.7750768484063938, "intra_list_diversity@4": 0.7113533408833522, "intra_list_diversity@5": 0.6561883190422034}