{"ndcg@5": 0.44136199539325394, "mrr": 0.40650383016458413, "mrr@5": 0.3703697312015471, "precision@1": 0.21439639892284074, "recall@5": 0.6594833621216114, "hit_ratio@5": 0.6613024423040278}