{"AUC": 0.7373420055998634, "ndcg": 0.5977737371327229, "ndcg@5": 0.5295796115447627, "mrr": 0.4741646714138285, "mrr@5": 0.44769185137250256, "precision@1": 0.26597637922666234, "recall@5": 0.778911949830895, "hit_ratio@5": 0.7796473062611228, "diversity@1": 0.3189613331176185, "diversity@2": 0.3501658307717198, "diversity@3": 0.3743865609663993, "diversity@4": 0.39372674324542956, "diversity@5": 0.4103219543763063, "intra_list_diversity@1": 1.0, "intra_list_diversity@2": 0.8571428571428571, "intra_list_diversity@3": 0.7736342555141988, "intra_list_diversity@4": 0.7104230707005339, "intra_list_diversity@5": 0.6574017149328355}