{"AUC": 0.7420320880006919, "ndcg": 0.6025125423560047, "ndcg@5": 0.537051517341878, "mrr": 0.48026971726491424, "mrr@5": 0.454945262363175, "precision@1": 0.27289273580326806, "recall@5": 0.7872102295051656, "hit_ratio@5": 0.7878983983174244, "diversity@1": 0.2924688561721404, "diversity@2": 0.3368589225044491, "diversity@3": 0.365447877905404, "diversity@4": 0.38692161462546515, "diversity@5": 0.4060022650056538, "intra_list_diversity@1": 1.0, "intra_list_diversity@2": 0.8570215175537939, "intra_list_diversity@3": 0.7760206007657794, "intra_list_diversity@4": 0.7128700857466429, "intra_list_diversity@5": 0.6588416113897162}