{"AUC": 0.726120522517322, "ndcg": 0.5877399335235882, "ndcg@5": 0.516085847669207, "mrr": 0.46151943033225634, "mrr@5": 0.43385846411045786, "precision@1": 0.2528312570781427, "recall@5": 0.7666373910832737, "hit_ratio@5": 0.7672302216469827, "diversity@1": 0.4127163889338295, "diversity@2": 0.42489079436984306, "diversity@3": 0.43608100091679136, "diversity@4": 0.4407862805371299, "diversity@5": 0.4453648276977811, "intra_list_diversity@1": 1.0, "intra_list_diversity@2": 0.8823005986086394, "intra_list_diversity@3": 0.8007873591112529, "intra_list_diversity@4": 0.7307373402362077, "intra_list_diversity@5": 0.6701181038666525}