{"AUC": 0.7407967860691048, "ndcg": 0.6013431624624377, "ndcg@5": 0.5352255417948757, "mrr": 0.47868569587466087, "mrr@5": 0.4530759585827708, "precision@1": 0.2707895162595049, "recall@5": 0.7853762682876094, "hit_ratio@5": 0.7861187510111632, "diversity@1": 0.30609933667691314, "diversity@2": 0.3467885455427924, "diversity@3": 0.37259343148357355, "diversity@4": 0.3925639055169067, "diversity@5": 0.4096828992072393, "intra_list_diversity@1": 1.0, "intra_list_diversity@2": 0.8637356414819608, "intra_list_diversity@3": 0.7795259666720519, "intra_list_diversity@4": 0.7158429056786928, "intra_list_diversity@5": 0.6604594725772268}