{"AUC": 0.7447621756435282, "ndcg": 0.6052532977751035, "ndcg@5": 0.540835978057481, "mrr": 0.48376698798403517, "mrr@5": 0.45890497761960725, "precision@1": 0.27701828183141886, "recall@5": 0.7904421961310006, "hit_ratio@5": 0.7912150137518201, "diversity@1": 0.30674648115191716, "diversity@2": 0.34525157741465784, "diversity@3": 0.37113735641481344, "diversity@4": 0.39087526290244295, "diversity@5": 0.40862320012941966, "intra_list_diversity@1": 1.0, "intra_list_diversity@2": 0.8618548778514803, "intra_list_diversity@3": 0.7786361430189201, "intra_list_diversity@4": 0.7138610257239929, "intra_list_diversity@5": 0.6593431483578462}