{"ndcg@5": 0.4361937805400424, "mrr": 0.4016821912867093, "mrr@5": 0.36501892938423036, "precision@1": 0.21048828103933645, "recall@5": 0.6543378533412293, "hit_ratio@5": 0.6558770974225118}