{"ndcg@5": 0.264013915975387, "mrr": 0.258028369204151, "mrr@5": 0.20437359258020593, "precision@1": 0.08791647341796728, "recall@5": 0.44886540970693134, "hit_ratio@5": 0.44998364127288876}