{"AUC": 0.5585981211715035, "ndcg": 0.47333938844023216, "ndcg@5": 0.35232735644488006, "mrr": 0.31878694475571184, "mrr@5": 0.2734421344981691, "precision@1": 0.12097557029606859, "recall@5": 0.5961812697899092, "hit_ratio@5": 0.596707652483417, "diversity@1": 0.5017392007765734, "diversity@2": 0.4936701181038667, "diversity@3": 0.48694925308741976, "diversity@4": 0.48181928490535514, "diversity@5": 0.47935609124736744, "intra_list_diversity@1": 1.0, "intra_list_diversity@2": 0.8939087526290245, "intra_list_diversity@3": 0.8105889014722616, "intra_list_diversity@4": 0.741647791619479, "intra_list_diversity@5": 0.6830367254489018}