{"AUC": 0.649169676759809, "ndcg": 0.5359427099655537, "ndcg@5": 0.44190252868205965, "mrr": 0.39692316621040263, "mrr@5": 0.3612010796221324, "precision@1": 0.1902834008097166, "recall@5": 0.6882591093117408, "hit_ratio@5": 0.6882591093117408, "diversity@1": 0.38866396761133604, "diversity@2": 0.3967611336032389, "diversity@3": 0.4102564102564103, "diversity@4": 0.41700404858299595, "diversity@5": 0.4251012145748992, "intra_list_diversity@1": 1.0, "intra_list_diversity@2": 0.8846153846153846, "intra_list_diversity@3": 0.7894736842105253, "intra_list_diversity@4": 0.7206477732793523, "intra_list_diversity@5": 0.6558704453441289}