{"AUC": 0.5603800541558133, "ndcg": 0.47320952125914595, "ndcg@5": 0.3521384253500818, "mrr": 0.3183610374941088, "mrr@5": 0.2726931995901177, "precision@1": 0.11895324381168096, "recall@5": 0.5979639024352662, "hit_ratio@5": 0.598649085908429, "diversity@1": 0.47168742921857304, "diversity@2": 0.46622714771072643, "diversity@3": 0.46721134659979724, "diversity@4": 0.4662777058728361, "diversity@5": 0.46687429218572934, "intra_list_diversity@1": 1.0, "intra_list_diversity@2": 0.8936054036563663, "intra_list_diversity@3": 0.8091328264035006, "intra_list_diversity@4": 0.7384929623038343, "intra_list_diversity@5": 0.6808607021517016}