{"AUC": 0.5658368481504606, "ndcg": 0.47434763009089187, "ndcg@5": 0.35666054495119787, "mrr": 0.31955768202048035, "mrr@5": 0.27539570188208684, "precision@1": 0.11818475974761365, "recall@5": 0.6077866310737206, "hit_ratio@5": 0.6083562530334897, "diversity@1": 0.4904141724640026, "diversity@2": 0.48016097718815726, "diversity@3": 0.4759477970123481, "diversity@4": 0.4720514479857628, "diversity@5": 0.4697136385698081, "intra_list_diversity@1": 1.0, "intra_list_diversity@2": 0.901027341854069, "intra_list_diversity@3": 0.8194197271207593, "intra_list_diversity@4": 0.7471384080245915, "intra_list_diversity@5": 0.6854068920886036}