{"AUC": 0.5588753922588675, "ndcg": 0.4736456767194148, "ndcg@5": 0.35435118164408724, "mrr": 0.31900715804179786, "mrr@5": 0.2742658954861425, "precision@1": 0.1202879792913768, "recall@5": 0.6021838236993552, "hit_ratio@5": 0.6028150784662676, "diversity@1": 0.4688966186701181, "diversity@2": 0.46420482122633877, "diversity@3": 0.4637599093997772, "diversity@4": 0.46291053227633067, "diversity@5": 0.4634363371622712, "intra_list_diversity@1": 1.0, "intra_list_diversity@2": 0.8898034298657175, "intra_list_diversity@3": 0.8067734455050455, "intra_list_diversity@4": 0.7351055654424851, "intra_list_diversity@5": 0.6784824462060669}