{"AUC": 0.5688056265825633, "ndcg": 0.47811676436334216, "ndcg@5": 0.3607828377926644, "mrr": 0.3245791456669861, "mrr@5": 0.28058094698805597, "precision@1": 0.12437307878983983, "recall@5": 0.6087631258618963, "hit_ratio@5": 0.6094078628053713, "diversity@1": 0.3812489888367578, "diversity@2": 0.3904303510758777, "diversity@3": 0.40377770587284, "diversity@4": 0.4142129105322763, "diversity@5": 0.42663808445235035, "intra_list_diversity@1": 1.0, "intra_list_diversity@2": 0.8629267108882058, "intra_list_diversity@3": 0.7717871973251204, "intra_list_diversity@4": 0.706155961818476, "intra_list_diversity@5": 0.6542307070053183}