{"AUC": 0.5655129336034448, "ndcg": 0.4765360800815055, "ndcg@5": 0.3574713863079188, "mrr": 0.32239599965231946, "mrr@5": 0.2775090330582725, "precision@1": 0.1224316453648277, "recall@5": 0.6045614055361669, "hit_ratio@5": 0.6051609771881572, "diversity@1": 0.4586232001294289, "diversity@2": 0.4596343633716227, "diversity@3": 0.458569271423187, "diversity@4": 0.4602208380520951, "diversity@5": 0.46063743730788, "intra_list_diversity@1": 1.0, "intra_list_diversity@2": 0.8905112441352532, "intra_list_diversity@3": 0.8035646874831526, "intra_list_diversity@4": 0.7330124575311439, "intra_list_diversity@5": 0.6751415628538685}